{
  "fx": 1498.079787,
  "vix": 18.43,
  "sentiment": 88,
  "gold": 4561.9,
  "disparity": 100,
  "bullRatio": 43.333333333333336,
  "marginSlope": 31375.2,
  "lastSyncTime": "2026. 5. 17. 오전 1:04:54"
}