{
  "fx": 1497.840406,
  "vix": 18.43,
  "sentiment": 88,
  "gold": 4561.9,
  "disparity": 163.93423793703084,
  "bullRatio": 43.333333333333336,
  "marginSlope": 134.8,
  "riskIndex": 85,
  "previousRiskIndex": 85,
  "cycleLeg": "rising",
  "cycleStageKey": "euphoria",
  "cycleStageLabel": "정점: 환희",
  "stageOverrideReason": "환율·유동성 왜곡 신호로 P-Index 하단을 환희 구간으로 보정했습니다.",
  "retailNetToday": 70860,
  "foreignNetToday": -51959,
  "institutionNetToday": -19020,
  "retailNet10dCum": 269286,
  "foreignNet10dCum": -261368,
  "institutionNet10dCum": -4621,
  "retailNet10dAbsAvg": 37400.2,
  "retailNet10dAbsSum": 374002,
  "flowBizDate": "20260515",
  "flowBonus": 0,
  "flowReason": "가격 과열 구간(disparity>103)에서는 수급 보정을 비활성화했습니다 (중립 처리).",
  "trapScore": 0,
  "trapState": "neutral",
  "trapReason": "상승 레그에서는 Bull Trap 오버라이드를 비활성화합니다.",
  "trapFlowScore": 0,
  "trapMarginScore": 0,
  "trapFirstShockScore": 0,
  "trapThreeDayScore": 0,
  "trapRecoveryScore": 0,
  "leaderSnapshotDate": "20260515",
  "leaderStocks": [
    {
      "code": "000660",
      "name": "SK하이닉스",
      "weight": 0.4515319815419101,
      "todayTradingValue": 13031962,
      "cum15dTradingValue": 133083612.97749999,
      "dayReturnPct": -7.664974619289344,
      "drawdown15dPct": -8.82205513784461,
      "shockValueRatio": 1.7624300856621402,
      "threeDayDropPct": null,
      "threeDayValueRatio": null,
      "closeRecoveryRate": 0.1901840490797546,
      "shockDate": "20260512",
      "latestDate": "20260515"
    },
    {
      "code": "005930",
      "name": "삼성전자",
      "weight": 0.42013105363256303,
      "todayTradingValue": 10628313,
      "cum15dTradingValue": 123828567.692,
      "dayReturnPct": -8.614864864864868,
      "drawdown15dPct": -9.682804674457424,
      "shockValueRatio": 1.069324152414011,
      "threeDayDropPct": null,
      "threeDayValueRatio": null,
      "closeRecoveryRate": 0.14754098360655737,
      "shockDate": "20260515",
      "latestDate": "20260515"
    },
    {
      "code": "005380",
      "name": "현대차",
      "weight": 0.0757549231176152,
      "todayTradingValue": 3146296,
      "cum15dTradingValue": 22327851.141124997,
      "dayReturnPct": -1.6853932584269704,
      "drawdown15dPct": -9.619109102646872,
      "shockValueRatio": 2.1923758042673795,
      "threeDayDropPct": null,
      "threeDayValueRatio": null,
      "closeRecoveryRate": 0.41450777202072536,
      "shockDate": "20260512",
      "latestDate": "20260515"
    },
    {
      "code": "005935",
      "name": "삼성전자우",
      "weight": 0.052582041707911566,
      "todayTradingValue": 911412,
      "cum15dTradingValue": 15497923.456775002,
      "dayReturnPct": -7.38255033557047,
      "drawdown15dPct": -9.849246231155783,
      "shockValueRatio": 1.1123144133760616,
      "threeDayDropPct": null,
      "threeDayValueRatio": null,
      "closeRecoveryRate": 0.40476190476190477,
      "shockDate": "20260512",
      "latestDate": "20260515"
    }
  ],
  "shockAnchorDate": "20260512",
  "marginBalanceToday": 2103,
  "marginBalanceBeforeShock": null,
  "marginShockChangePct": null,
  "lastSyncTime": "2026. 5. 17. 오후 5:36:18"
}